{
  "model": "baseline",
  "split": "val",
  "device": "mps",
  "checkpoint": "/Users/saisrikrishnatejasanku/Desktop/autonomous-lane-detection/outputs/checkpoints/baseline_best.pt",
  "threshold": 0.5,
  "image_height": 256,
  "image_width": 512,
  "metrics": {
    "precision": 0.39678295206324465,
    "recall": 0.258801193580532,
    "f1": 0.3132714610892209,
    "dice": 0.3132714610892209,
    "iou": 0.18572725477895743,
    "pixel_accuracy": 0.9413151806707862,
    "specificity": 0.9785406832105041,
    "true_positive": 636866,
    "true_negative": 44150097,
    "false_positive": 968208,
    "false_negative": 1823965,
    "loss": 0.9230889740397451,
    "images_evaluated": 363,
    "average_latency_ms": 4.45489701928375,
    "fps": 224.47207997655988
  }
}