{
  "model": "baseline",
  "split": "test",
  "device": "mps",
  "checkpoint": "/Users/saisrikrishnatejasanku/Desktop/autonomous-lane-detection/outputs/checkpoints/baseline_best.pt",
  "threshold": 0.5,
  "image_height": 256,
  "image_width": 512,
  "metrics": {
    "precision": 0.5324940705296611,
    "recall": 0.5288489063536667,
    "f1": 0.5306652288148815,
    "dice": 0.5306652288148815,
    "iou": 0.3611601925045739,
    "pixel_accuracy": 0.9516476087333723,
    "specificity": 0.974692618590844,
    "true_positive": 1300596,
    "true_negative": 43977975,
    "false_positive": 1141865,
    "false_negative": 1158700,
    "loss": 0.6719595862157417,
    "images_evaluated": 363,
    "average_latency_ms": 4.188889016528927,
    "fps": 238.7267831766615
  }
}