{
  "model": "unet",
  "split": "test",
  "device": "mps",
  "checkpoint": "/Users/saisrikrishnatejasanku/Desktop/autonomous-lane-detection/outputs/checkpoints/unet_best.pt",
  "threshold": 0.5,
  "image_height": 256,
  "image_width": 512,
  "metrics": {
    "precision": 0.7608839753733306,
    "recall": 0.784600958973593,
    "f1": 0.7725604869747079,
    "dice": 0.7725604869747079,
    "iou": 0.6294081938673819,
    "pixel_accuracy": 0.9761215294031381,
    "specificity": 0.9865605241507928,
    "true_positive": 1929566,
    "true_negative": 44513453,
    "false_positive": 606387,
    "false_negative": 529730,
    "loss": 0.3163935846287357,
    "images_evaluated": 363,
    "average_latency_ms": 45.05181095592288,
    "fps": 22.19666598926212
  }
}