{
  "model": "unet",
  "split": "val",
  "device": "mps",
  "checkpoint": "/Users/saisrikrishnatejasanku/Desktop/autonomous-lane-detection/outputs/checkpoints/unet_best.pt",
  "threshold": 0.5,
  "image_height": 256,
  "image_width": 512,
  "metrics": {
    "precision": 0.7603386722930607,
    "recall": 0.7846288509856717,
    "f1": 0.7722928149780348,
    "dice": 0.7722928149780348,
    "iou": 0.6290529406360177,
    "pixel_accuracy": 0.9760693636807508,
    "specificity": 0.9865108629413252,
    "true_positive": 1930839,
    "true_negative": 44509698,
    "false_positive": 608607,
    "false_negative": 529992,
    "loss": 0.3172844910260403,
    "images_evaluated": 363,
    "average_latency_ms": 46.558155517906386,
    "fps": 21.47851410512595
  }
}